/*INSERT VALUES*/
use Project;
/*Customer*/
INSERT INTO CUSTOMER (CustomerID, CustomerFirstName, CustomerLastName, CustomerDOB, DrivingLicenseNumber, CustomerPhoneNumber)
VALUES ('1', 'TOM', 'Rose', '1988-05-08', 'S24987766', '3128899772');
INSERT INTO CUSTOMER (CustomerID, CustomerFirstName, CustomerLastName, CustomerDOB, DrivingLicenseNumber, CustomerPhoneNumber)
VALUES ('2', 'Engelber', 'Martinson', '1985-06-22', 'S24987766', '3128899772');
INSERT INTO CUSTOMER (CustomerID, CustomerFirstName, CustomerLastName, CustomerDOB, DrivingLicenseNumber, CustomerPhoneNumber)
VALUES ('3', 'Emma', 'Jones', '1974-05-27', 'S24987766', '3128899772');
INSERT INTO CUSTOMER (CustomerID, CustomerFirstName, CustomerLastName, CustomerDOB, DrivingLicenseNumber, CustomerPhoneNumber)
VALUES ('4', 'Lima', 'Smith', '1994-02-07', 'S24987766', '3128899772');
INSERT INTO CUSTOMER (CustomerID, CustomerFirstName, CustomerLastName, CustomerDOB, DrivingLicenseNumber, CustomerPhoneNumber)
VALUES ('5', 'Ava', 'Brown', '1981-11-11', 'S24987766', '3128899772');
INSERT INTO CUSTOMER (CustomerID, CustomerFirstName, CustomerLastName, CustomerDOB, DrivingLicenseNumber, CustomerPhoneNumber)
VALUES ('6', 'Noah', 'Miller', '1980-12-15', 'S24987766', '7887484848');
INSERT INTO CUSTOMER (CustomerID, CustomerFirstName, CustomerLastName, CustomerDOB, DrivingLicenseNumber, CustomerPhoneNumber)
VALUES ('7', 'Mason', 'Taylor', '1991-04-26', 'S24987766', '8438058494');
INSERT INTO CUSTOMER (CustomerID, CustomerFirstName, CustomerLastName, CustomerDOB, DrivingLicenseNumber, CustomerPhoneNumber)
VALUES ('8', 'Elijah', 'Wilson', '1992-09-22', 'S24987766', '3423543564');
INSERT INTO CUSTOMER (CustomerID, CustomerFirstName, CustomerLastName, CustomerDOB, DrivingLicenseNumber, CustomerPhoneNumber)
VALUES ('9', 'Logan', 'Palmer', '1979-08-26', 'S24987766', '7547563545');
INSERT INTO CUSTOMER (CustomerID, CustomerFirstName, CustomerLastName, CustomerDOB, DrivingLicenseNumber, CustomerPhoneNumber)
VALUES ('10', 'Tim', 'Mills', '1992-06-03', 'S24987766', '6222234545');
INSERT INTO CUSTOMER (CustomerID, CustomerFirstName, CustomerLastName, CustomerDOB, DrivingLicenseNumber, CustomerPhoneNumber)
VALUES ('11', 'Jerry', 'Davis', '1976-05-06', 'S24987766', '7747413886');
INSERT INTO CUSTOMER (CustomerID, CustomerFirstName, CustomerLastName, CustomerDOB, DrivingLicenseNumber, CustomerPhoneNumber)
VALUES ('12', 'Aaron', 'Green', '1985-04-09', 'S24987766', '9898884543');
INSERT INTO CUSTOMER (CustomerID, CustomerFirstName, CustomerLastName, CustomerDOB, DrivingLicenseNumber, CustomerPhoneNumber)
VALUES ('13', 'Harry', 'Scott', '1987-01-14', 'S24987766', '3124325433');
INSERT INTO CUSTOMER (CustomerID, CustomerFirstName, CustomerLastName, CustomerDOB, DrivingLicenseNumber, CustomerPhoneNumber)
VALUES ('14', 'Caleb', 'Fox', '1988-10-19', 'S24987766', '6677443221');
INSERT INTO CUSTOMER (CustomerID, CustomerFirstName, CustomerLastName, CustomerDOB, DrivingLicenseNumber, CustomerPhoneNumber)
VALUES ('15', 'Ronny', 'Cook', '1993-01-31', 'S24987766', '8282728820');

/*Office_Location*/
INSERT INTO OFFICE_LOCATION (OfficeID, OfficeStreetAddress, OfficeCity, OfficeState, OfficeCountry, OfficePostalCode)
VALUES ('1', '2640 S Michigan Ave', 'Chicago', 'IL', 'US', '60616');
INSERT INTO OFFICE_LOCATION (OfficeID, OfficeStreetAddress, OfficeCity, OfficeState, OfficeCountry, OfficePostalCode)
VALUES ('2', '201 W Madison St Fl 3', 'Chicago', 'IL', 'US', '60606');
INSERT INTO OFFICE_LOCATION (OfficeID, OfficeStreetAddress, OfficeCity, OfficeState, OfficeCountry, OfficePostalCode)
VALUES ('3', '1842 N Milwaukee Ave', 'Chicago', 'IL', 'US', '60647');
INSERT INTO OFFICE_LOCATION (OfficeID, OfficeStreetAddress, OfficeCity, OfficeState, OfficeCountry, OfficePostalCode)
VALUES ('4', '3057 N. Cicero', 'Chicago', 'IL', 'US', '60641');
INSERT INTO OFFICE_LOCATION (OfficeID, OfficeStreetAddress, OfficeCity, OfficeState, OfficeCountry, OfficePostalCode)
VALUES ('5', '4009 Washington Street', 'Roslindale', 'MA', 'US', '02130');
INSERT INTO OFFICE_LOCATION (OfficeID, OfficeStreetAddress, OfficeCity, OfficeState, OfficeCountry, OfficePostalCode)
VALUES ('6', '2640 N Michigan Ave', 'Chicago', 'IL', 'US', '60616');
INSERT INTO OFFICE_LOCATION (OfficeID, OfficeStreetAddress, OfficeCity, OfficeState, OfficeCountry, OfficePostalCode)
VALUES ('7', '17 Melnea Cass Blvd', 'Boston', 'MA', 'US', '02118');
INSERT INTO OFFICE_LOCATION (OfficeID, OfficeStreetAddress, OfficeCity, OfficeState, OfficeCountry, OfficePostalCode)
VALUES ('8', '102 Belvidere St', 'Boston', 'MA', 'US', '02199');
INSERT INTO OFFICE_LOCATION (OfficeID, OfficeStreetAddress, OfficeCity, OfficeState, OfficeCountry, OfficePostalCode)
VALUES ('9', '27 Wexford Street', 'Needham', 'MA', 'US', '02494');
INSERT INTO OFFICE_LOCATION (OfficeID, OfficeStreetAddress, OfficeCity, OfficeState, OfficeCountry, OfficePostalCode)
VALUES ('10', 'Building 69 Federal Circle', 'Jamaica', 'NY', 'US', '11430');
INSERT INTO OFFICE_LOCATION (OfficeID, OfficeStreetAddress, OfficeCity, OfficeState, OfficeCountry, OfficePostalCode)
VALUES ('11', '184 Merrick Road', 'Lynbrook', 'NY', 'US', '11563');
INSERT INTO OFFICE_LOCATION (OfficeID, OfficeStreetAddress, OfficeCity, OfficeState, OfficeCountry, OfficePostalCode)
VALUES ('12', '131 Northern Blvd', 'Great Neck', 'NY', 'US', '11021');
INSERT INTO OFFICE_LOCATION (OfficeID, OfficeStreetAddress, OfficeCity, OfficeState, OfficeCountry, OfficePostalCode)
VALUES ('13', '366-368 N. Main Street', 'Freeport', 'NY', 'US', '11520');

/*Reservation*/
INSERT INTO RESERVATION (ReservationID, CustomerID, PickUpOfficeID, DropOffOfficeID) VALUES ('1', '4', '5', '7');
INSERT INTO RESERVATION (ReservationID, CustomerID, PickUpOfficeID, DropOffOfficeID) VALUES ('2', '9', '6', '6');
INSERT INTO RESERVATION (ReservationID, CustomerID, PickUpOfficeID, DropOffOfficeID) VALUES ('3', '1', '1', '1');
INSERT INTO RESERVATION (ReservationID, CustomerID, PickUpOfficeID, DropOffOfficeID) VALUES ('4', '5', '4', '6');
INSERT INTO RESERVATION (ReservationID, CustomerID, PickUpOfficeID, DropOffOfficeID) VALUES ('5', '2', '1', '3');
INSERT INTO RESERVATION (ReservationID, CustomerID, PickUpOfficeID, DropOffOfficeID) VALUES ('6', '11', '7', '9');
INSERT INTO RESERVATION (ReservationID, CustomerID, PickUpOfficeID, DropOffOfficeID) VALUES ('7', '3', '3', '1');
INSERT INTO RESERVATION (ReservationID, CustomerID, PickUpOfficeID, DropOffOfficeID) VALUES ('8', '6', '5', '4');
INSERT INTO RESERVATION (ReservationID, CustomerID, PickUpOfficeID, DropOffOfficeID) VALUES ('9', '8', '1', '8');
INSERT INTO RESERVATION (ReservationID, CustomerID, PickUpOfficeID, DropOffOfficeID) VALUES ('10', '12', '9', '9');
INSERT INTO RESERVATION (ReservationID, CustomerID, PickUpOfficeID, DropOffOfficeID) VALUES ('11', '13', '8', '12');
INSERT INTO RESERVATION (ReservationID, CustomerID, PickUpOfficeID, DropOffOfficeID) VALUES ('12', '15', '7', '10');
INSERT INTO RESERVATION (ReservationID, CustomerID, PickUpOfficeID, DropOffOfficeID) VALUES ('13', '7', '5', '7');
INSERT INTO RESERVATION (ReservationID, CustomerID, PickUpOfficeID, DropOffOfficeID) VALUES ('14', '14', '2', '7');

/*Manufacturer*/
INSERT INTO MANUFACTURER (ManufacturerID, ManufacturerName) VALUES ("1", "BMW");
INSERT INTO MANUFACTURER (ManufacturerID, ManufacturerName) VALUES ("2", "Toyota");
INSERT INTO MANUFACTURER (ManufacturerID, ManufacturerName) VALUES ("3", "Honda");
INSERT INTO MANUFACTURER (ManufacturerID, ManufacturerName) VALUES ("4", "Nissan");
INSERT INTO MANUFACTURER (ManufacturerID, ManufacturerName) VALUES ("5", "Meercedes-Benz");
INSERT INTO MANUFACTURER (ManufacturerID, ManufacturerName) VALUES ("6", "Cadillac");
INSERT INTO MANUFACTURER (ManufacturerID, ManufacturerName) VALUES ("7", "Chevrolet");
INSERT INTO MANUFACTURER (ManufacturerID, ManufacturerName) VALUES ("8", "Lincoln Motor Company");
INSERT INTO MANUFACTURER (ManufacturerID, ManufacturerName) VALUES ("9", "Lexus");
INSERT INTO MANUFACTURER (ManufacturerID, ManufacturerName) VALUES ("10", "JEEP");

/*Model*/
INSERT INTO MODEL (ModelID, ModelName, ManufacturerID) VALUES ("1", "335i", "1");
INSERT INTO MODEL (ModelID, ModelName, ManufacturerID) VALUES ("02", "X3", "1");
INSERT INTO MODEL (ModelID, ModelName, ManufacturerID) VALUES ("03", "Camry", "2");
INSERT INTO MODEL (ModelID, ModelName, ManufacturerID) VALUES ("04", "civic", "3");
INSERT INTO MODEL (ModelID, ModelName, ManufacturerID) VALUES ("05", "Accord", "3");
INSERT INTO MODEL (ModelID, ModelName, ManufacturerID) VALUES ("06", "Altima", "4");
INSERT INTO MODEL (ModelID, ModelName, ManufacturerID) VALUES ("07", "S350", "5");
INSERT INTO MODEL (ModelID, ModelName, ManufacturerID) VALUES ("08", "XT5", "6");
INSERT INTO MODEL (ModelID, ModelName, ManufacturerID) VALUES ("09", "Traverse", "7");
INSERT INTO MODEL (ModelID, ModelName, ManufacturerID) VALUES ("10", "MKT", "8");

/*Vehicle*/
INSERT INTO VEHICLE (VehicleID, VehicleCategory,  VehicleColor, VehicleProductionYear, VehicleMileage, OfficeID, ModelID)
VALUES ('1', '1',  'black', '2013', '55239', '1', '1');
INSERT INTO VEHICLE (VehicleID, VehicleCategory, VehicleColor, VehicleProductionYear, VehicleMileage, OfficeID, ModelID)
VALUES ('2', '1', 'black', '2015', '59759', '3', '1');
INSERT INTO VEHICLE (VehicleID, VehicleCategory,  VehicleColor, VehicleProductionYear, VehicleMileage, OfficeID, ModelID)
VALUES ('3', '1', 'sliver', '2014', '52537', '4', '3');
INSERT INTO VEHICLE (VehicleID, VehicleCategory,  VehicleColor, VehicleProductionYear, VehicleMileage, OfficeID, ModelID)
VALUES ('4', '2', 'grey', '2018', '25239', '3', '2');
INSERT INTO VEHICLE (VehicleID, VehicleCategory,  VehicleColor, VehicleProductionYear, VehicleMileage, OfficeID, ModelID)
VALUES ('5', '1', 'white', '2013', '55239', '5', '3');
INSERT INTO VEHICLE (VehicleID, VehicleCategory, VehicleColor, VehicleProductionYear, VehicleMileage, OfficeID, ModelID)
VALUES ('6', '1', 'black', '2013', '55239', '8', '4');
INSERT INTO VEHICLE (VehicleID, VehicleCategory, VehicleColor, VehicleProductionYear, VehicleMileage, OfficeID, ModelID)
VALUES ('7', '1', 'black', '2016', '24539', '9', '5');
INSERT INTO VEHICLE (VehicleID, VehicleCategory, VehicleColor, VehicleProductionYear, VehicleMileage, OfficeID, ModelID)
VALUES ('8', '1', 'black', '2014', '51139', '10', '6');
INSERT INTO VEHICLE (VehicleID, VehicleCategory, VehicleColor, VehicleProductionYear, VehicleMileage, OfficeID, ModelID)
VALUES ('9', '1', 'black', '2011', '75633', '7', '6');
INSERT INTO VEHICLE (VehicleID, VehicleCategory,  VehicleColor, VehicleProductionYear, VehicleMileage, OfficeID, ModelID)
VALUES ('10', '3', 'black', '2014', '36278', '8', '7');
INSERT INTO VEHICLE (VehicleID, VehicleCategory,  VehicleColor, VehicleProductionYear, VehicleMileage, OfficeID, ModelID)
VALUES ('11', '2', 'black', '2011', '67278', '3', '8');
INSERT INTO VEHICLE (VehicleID, VehicleCategory,  VehicleColor, VehicleProductionYear, VehicleMileage, OfficeID, ModelID)
VALUES ('12', '02', 'black', '2016', '34278', '01', '09');
INSERT INTO VEHICLE (VehicleID, VehicleCategory,  VehicleColor, VehicleProductionYear, VehicleMileage, OfficeID, ModelID)
VALUES ('13', '03', 'black', '2018', '3278', '01', '10');

/*Rental*/
INSERT INTO RENTAL(RentalID, VehicleID, StartDate, EndDate, CustomerID, PickUpOfficeID, DropOffOfficeID)
VALUES('1', '5', '2019-02-04', "2019-02-07", "1", "3", "3");
INSERT INTO Rental(RentalID, VehicleID, StartDate, EndDate, CustomerID, PickUpOfficeID, DropOffOfficeID)
VALUES('2', '12', '2019-02-05', '2019-02-10', '2', '4', '8');
INSERT INTO Rental(RentalID, VehicleID, StartDate, EndDate, CustomerID, PickUpOfficeID, DropOffOfficeID)
VALUES('3', '3', '2019-02-05', '2019-02-09', '3', '1', '1');
INSERT INTO Rental(RentalID, VehicleID, StartDate, EndDate, CustomerID, PickUpOfficeID, DropOffOfficeID)
VALUES('4', '9', '2019-02-10', '2019-02-13', '4', '2', '9');
INSERT INTO Rental(RentalID, VehicleID, StartDate, EndDate, CustomerID, PickUpOfficeID, DropOffOfficeID)
VALUES('5', '10', '2019-02-16', '2019-02-18', '5', '4', '6');
INSERT INTO Rental(RentalID, VehicleID, StartDate, EndDate, CustomerID, PickUpOfficeID, DropOffOfficeID)
VALUES('6', '6', '2019-02-20', '2019-02-25', '6', '2', '7');
INSERT INTO Rental(RentalID, VehicleID, StartDate, EndDate, CustomerID, PickUpOfficeID, DropOffOfficeID)
VALUES('7', '1', '2019-03-02', '2019-03-05', '7', '7', '4');
INSERT INTO Rental(RentalID, VehicleID, StartDate, EndDate, CustomerID, PickUpOfficeID, DropOffOfficeID)
VALUES('8', '2', '2019-03-03', '2019-03-07', '8', '5', '5');
INSERT INTO Rental(RentalID, VehicleID, StartDate, EndDate, CustomerID, PickUpOfficeID, DropOffOfficeID)
VALUES('9', '4', '2019-03-04', '2019-03-05', '9', '2', '7');
INSERT INTO Rental(RentalID, VehicleID, StartDate, EndDate, CustomerID, PickUpOfficeID, DropOffOfficeID)
VALUES('10', '1', '2019-03-04', '2019-03-07', '10', '10', '6');
INSERT INTO Rental(RentalID, VehicleID, StartDate, EndDate, CustomerID, PickUpOfficeID, DropOffOfficeID)
VALUES('11', '13', '2019-03-10', '2019-03-15', '11', '4', '6');
INSERT INTO Rental(RentalID, VehicleID, StartDate, EndDate, CustomerID, PickUpOfficeID, DropOffOfficeID)
VALUES('12', '8', '2019-03-12', '2019-03-14', '12', '8', '4');
INSERT INTO Rental(RentalID, VehicleID, StartDate, EndDate, CustomerID, PickUpOfficeID, DropOffOfficeID)
VALUES('13', '7', '2019-03-13', '2019-03-16', '13', '5', '6');

/*RentalInvoice*/
INSERT INTO RENTALINVOICE(RentalInvoiceID, RentalinvoiceDate, InsuranceCost, Tax, TotalRentalCost, Discount, NetAmount, RentalID, CustomerID, OfficeID)
VALUES('1','2019-01-02', '170', '17', '450', '0', '450', '1', '1', '3');
INSERT INTO RENTALINVOICE(RentalInvoiceID, RentalinvoiceDate, InsuranceCost, Tax, TotalRentalCost, Discount, NetAmount, RentalID, CustomerID, OfficeID)
VALUES('2','2019-01-04', '220', '22', '680', '20', '660', '2', '2', '2');
INSERT INTO RENTALINVOICE(RentalInvoiceID, RentalinvoiceDate, InsuranceCost, Tax, TotalRentalCost, Discount, NetAmount, RentalID, CustomerID, OfficeID)
VALUES('3','2019-01-06', '120', '12', '370' , '10', '360', '3', '3', '9');
INSERT INTO RENTALINVOICE(RentalInvoiceID, RentalinvoiceDate, InsuranceCost, Tax, TotalRentalCost, Discount, NetAmount, RentalID, CustomerID, OfficeID)
VALUES('4','2019-01-08', '90', '9', '140', '0', '140', '4', '4', '4');
INSERT INTO RENTALINVOICE(RentalInvoiceID, RentalinvoiceDate, InsuranceCost, Tax, TotalRentalCost, Discount, NetAmount, RentalID, CustomerID, OfficeID)
VALUES('5','2019-01-10', '300', '30', '790', '40', '750', '5', '5', '8');
INSERT INTO RENTALINVOICE(RentalInvoiceID, RentalinvoiceDate, InsuranceCost, Tax, TotalRentalCost, Discount, NetAmount, RentalID, CustomerID, OfficeID)
VALUES('6','2019-01-13', '130', '13', '390', '10', '380', '6', '6', '3');
INSERT INTO RENTALINVOICE(RentalInvoiceID, RentalinvoiceDate, InsuranceCost, Tax, TotalRentalCost, Discount, NetAmount, RentalID, CustomerID, OfficeID)
VALUES('7','2019-01-15', '145', '14', '500', '40', '460', '7', '7', '8');
INSERT INTO RENTALINVOICE(RentalInvoiceID, RentalinvoiceDate, InsuranceCost, Tax, TotalRentalCost, Discount, NetAmount, RentalID, CustomerID, OfficeID)
VALUES('8','2019-01-17', '150', '15', '470', '0', '470', '8', '8', '1');
INSERT INTO RENTALINVOICE(RentalInvoiceID, RentalinvoiceDate, InsuranceCost, Tax, TotalRentalCost, Discount, NetAmount, RentalID, CustomerID, OfficeID)
VALUES('9','2019-01-19', '210', '21', '460', '30', '340', '9', '9', '7');
INSERT INTO RENTALINVOICE(RentalInvoiceID, RentalinvoiceDate, InsuranceCost, Tax, TotalRentalCost, Discount, NetAmount, RentalID, CustomerID, OfficeID)
VALUES('10','2019-01-22', '130', '13', '400', '20', '380', '10', '10', '4');
INSERT INTO RENTALINVOICE(RentalInvoiceID, RentalinvoiceDate, InsuranceCost, Tax, TotalRentalCost, Discount, NetAmount, RentalID, CustomerID, OfficeID)
VALUES('11','2019-01-24', '125', '12.5', '450', '50', '400', '11', '11', '10');
INSERT INTO RENTALINVOICE(RentalInvoiceID, RentalinvoiceDate, InsuranceCost, Tax, TotalRentalCost, Discount, NetAmount, RentalID, CustomerID, OfficeID)
VALUES('12','2019-01-26', '150', '15', '260', '0', '260', '12', '12', '1');
INSERT INTO RENTALINVOICE(RentalInvoiceID, RentalinvoiceDate, InsuranceCost, Tax, TotalRentalCost, Discount, NetAmount, RentalID, CustomerID, OfficeID)
VALUES('13','2019-01-28', '250', '25', '780', '70', '710', '13', '13', '6');


/*Payment*/
INSERT INTO PAYMENT (PaymentID, PaymentDate, RentalInvoiceID) VALUES ('1', '2019-01-02', '2');
INSERT INTO PAYMENT (PaymentID, PaymentDate, RentalInvoiceID) VALUES ('2', '2019-01-04', '6');
INSERT INTO PAYMENT (PaymentID, PaymentDate, RentalInvoiceID) VALUES ('3', '2019-01-06', '10');
INSERT INTO PAYMENT (PaymentID, PaymentDate, RentalInvoiceID) VALUES ('4', '2019-01-08', '5');
INSERT INTO PAYMENT (PaymentID, PaymentDate, RentalInvoiceID) VALUES ('5', '2019-01-10', '7');
INSERT INTO PAYMENT (PaymentID, PaymentDate, RentalInvoiceID) VALUES ('6', '2019-01-13', '1');
INSERT INTO PAYMENT (PaymentID, PaymentDate, RentalInvoiceID) VALUES ('7', '2019-01-15', '3');
INSERT INTO PAYMENT (PaymentID, PaymentDate, RentalInvoiceID) VALUES ('8', '2019-01-17', '8');
INSERT INTO PAYMENT (PaymentID, PaymentDate, RentalInvoiceID) VALUES ('9', '2019-01-19', '4');
INSERT INTO PAYMENT (PaymentID, PaymentDate, RentalInvoiceID) VALUES ('10', '2019-01-22', '9');

/*Insurance*/
INSERT INTO INSURANCE (InsuranceID, InsuranceName, InsurancePolicy) VALUES ('01', 'PROGRESSIVE', 'Full Coverage' );
INSERT INTO INSURANCE (InsuranceID, InsuranceName, InsurancePolicy, InsuranceCol) VALUES ('02', 'PROGRESSIVE', 'Basic', 'Bodily Injury Liability Property Damage Liability Collision');
INSERT INTO INSURANCE (InsuranceID, InsuranceName, InsurancePolicy) VALUES ('03', 'QUOTE WIZARD', 'Full Coverage' );
INSERT INTO INSURANCE (InsuranceID, InsuranceName, InsurancePolicy, InsuranceCol) VALUES ('04', 'QUOTE WIZAED', 'Baisc', 'Bodily Injury Liability Property Damage Liability Collision');
INSERT INTO INSURANCE (InsuranceID, InsuranceName, InsurancePolicy) VALUES ('05', 'STATE FARM', 'Full Coverage');
INSERT INTO INSURANCE (InsuranceID, InsuranceName, InsurancePolicy, InsuranceCol) VALUES ('06', 'STATE FARM', 'Basic', 'Bodily Injury Liability Property Damage Liability Collision');
INSERT INTO INSURANCE (InsuranceID, InsuranceName, InsurancePolicy) VALUES ('07', 'ESURANCE', 'Full Coverage' );
INSERT INTO INSURANCE (InsuranceID, InsuranceName, InsurancePolicy, InsuranceCol) VALUES ('08', 'ESURANCE', 'Basic', 'Bodily Injury Liability Property Damage Liability Collision');
INSERT INTO INSURANCE (InsuranceID, InsuranceName, InsurancePolicy) VALUES ('09', 'USAA', 'Full Coverage');
INSERT INTO INSURANCE (InsuranceID, InsuranceName, InsurancePolicy, InsuranceCol) VALUES ('10', 'USAA', 'Basic','Bodily Injury Liability Property Damage Liability Collision');

/*HasInsurance*/
INSERT INTO HASINSURANCE (HasInsuranceID, RentalID, InsuranceID)VALUES('1','5','1');
INSERT INTO HASINSURANCE (HasInsuranceID, RentalID, InsuranceID)VALUES('2','11','3');
INSERT INTO HASINSURANCE (HasInsuranceID, RentalID, InsuranceID)VALUES('3','13','2');
INSERT INTO HASINSURANCE (HasInsuranceID, RentalID, InsuranceID)VALUES('4','9','4');
INSERT INTO HASINSURANCE (HasInsuranceID, RentalID, InsuranceID)VALUES('5','7','5');
INSERT INTO HASINSURANCE (HasInsuranceID, RentalID, InsuranceID)VALUES('6','6','3');
INSERT INTO HASINSURANCE (HasInsuranceID, RentalID, InsuranceID)VALUES('7','4','2');
INSERT INTO HASINSURANCE (HasInsuranceID, RentalID, InsuranceID)VALUES('8','1','4');
INSERT INTO HASINSURANCE (HasInsuranceID, RentalID, InsuranceID)VALUES('9','12','1');
INSERT INTO HASINSURANCE (HasInsuranceID, RentalID, InsuranceID)VALUES('10','2','1');
INSERT INTO HASINSURANCE (HasInsuranceID, RentalID, InsuranceID)VALUES('11','8','3');
INSERT INTO HASINSURANCE (HasInsuranceID, RentalID, InsuranceID)VALUES('12','10','4');
INSERT INTO HASINSURANCE (HasInsuranceID, RentalID, InsuranceID)VALUES('13','3','1');

/*Employee*/
INSERT INTO EMPLOYEE (EmployeeID, EmployeeFirstName, EmployeeLastName, EmployeeSkill, EmployeeAddress, EmployeePhoneNumber, OfficeID, EmployeeSalary)
VALUES ('01', 'apple', 'pen', 'Paython', '86 peter st', '7818911234', '01', '130000');
INSERT INTO EMPLOYEE (EmployeeID, EmployeeFirstName, EmployeeLastName, EmployeeSkill, EmployeeAddress, EmployeePhoneNumber, OfficeID, EmployeeSalary)
VALUES ('02', 'on', 'one', 'SQL', '8 high', '8262822389', '02', '150000');
INSERT INTO EMPLOYEE (EmployeeID, EmployeeFirstName, EmployeeLastName, EmployeeSkill, EmployeeAddress, EmployeePhoneNumber, OfficeID, SupervisorID, EmployeeSalary)
VALUES ('03', 'candy', 'apple', 'SQL', '9 dark', '9812841247', '02', '02', '50000');
INSERT INTO EMPLOYEE (EmployeeID, EmployeeFirstName, EmployeeLastName, EmployeeSkill, EmployeeAddress, EmployeePhoneNumber, OfficeID, SupervisorID, EmployeeSalary)
VALUES ('04', 'help', 'me', 'SQL', '83 marry', '9833933332', '02','02', '50000' );
INSERT INTO EMPLOYEE (EmployeeID, EmployeeFirstName, EmployeeLastName, EmployeeSkill, EmployeeAddress, EmployeePhoneNumber, OfficeID, SupervisorID, EmployeeSalary)
VALUES ('05', 'mike', 'laptop', 'Paython', '90 state st', '189489223',  '01', '01', '50000');
INSERT INTO EMPLOYEE (EmployeeID, EmployeeFirstName, EmployeeLastName, EmployeeSkill, EmployeeAddress, EmployeePhoneNumber, OfficeID, SupervisorID, EmployeeSalary)
VALUES ('06', 'perter', 'pan', 'Paython', '78 state st', '7574287203',  '01', '01', '50000');
INSERT INTO EMPLOYEE (EmployeeID, EmployeeFirstName, EmployeeLastName, EmployeeSkill, EmployeeAddress, EmployeePhoneNumber, OfficeID, EmployeeSalary)
VALUES ('07', 'spiderman', 'marval', 'R', '90 frank', '4371981434',  '05', '130000');
INSERT INTO EMPLOYEE (EmployeeID, EmployeeFirstName, EmployeeLastName, EmployeeSkill, EmployeeAddress, EmployeePhoneNumber, OfficeID, SupervisorID, EmployeeSalary)
VALUES ('08', 'batman', 'DC', 'R', '90 frank', '4071387414',  '05', '07', '50000');
INSERT INTO EMPLOYEE (EmployeeID, EmployeeFirstName, EmployeeLastName, EmployeeSkill, EmployeeAddress, EmployeePhoneNumber, OfficeID, EmployeeSalary)
VALUES ('09', 'Jonny', 'What', 'Paython', '90 Michigan', '6747238431',  '04', '110000');
INSERT INTO EMPLOYEE (EmployeeID, EmployeeFirstName, EmployeeLastName, EmployeeSkill, EmployeeAddress, EmployeePhoneNumber, OfficeID, SupervisorID, EmployeeSalary)
VALUES ('10', 'captain', 'America', 'Paython', '78 Washington', '8908989801',  '04', '09', '50000');
